"geoid","cntrname","muertes","casos","muertes.permil","casos.permil","l10muertes.permil","hombres80","mujeres80","pobla80","pobla65","poblamid","pobladata","pobladens","mujeres","urbano","expectvida","neontlmort","dismort","lesion","enfnotrans","enftrans","pbi","tuberculosis","diabetes","medicos","camas","immunsaramp","tempmarzo","hipten.h","hipten.m","hipten","bcg","bcgf","tiempo""
"AF","Afghanistan",227,12456,6.1066836011011,335.087449054252,0.85166698051142,0.233325824490103,0.32098229099271,0.277154057741407,2.58492693988024,54.3248975483403,0.37172386,0.56937760009803,48.6358467017121,25.495,62.701,37.1,29.8,19.5,44.1,36.4,1.83516963783288,189,9.2,0.240090909090909,0.436363636363636,64,7.6,18.6,19.8,19.2,1,"Yes",56"
"AL","Albania",33,1050,11.5127952508673,366.316212527596,1.09735433818445,2.44807869374057,3.03395389713644,2.7410162954385,13.7447359109736,68.5823903647225,0.02866376,1.04612262773723,49.0630945959306,60.319,76.601,6.5,17,4,93.1,2.9,11.3351950000794,18,9,1.21237142857143,2.9375,94,6.04,41.6,39.4,40.5,1,"Yes",69"
"DZ","Algeria",623,8857,14.7530944141919,209.740220267252,1.19736587590393,1.18175549748212,1.36021372462712,1.27098461105462,6.36249654497986,63.4888248687945,0.42228429,0.177300750711665,49.4842678798151,72.629,75.307,14.6,14.2,9.5,75.7,14.8,14.1967388952832,69,6.7,1.312025,1.9,80,17.91,22.3,23,22.65,1,"Yes",57"
"AO","Angola",4,71,0.12982898082757,2.30446440968937,0.0530127104711804,0.2075326253215,0.337248804110499,0.272390714716,2.21637364776329,50.9747016426956,0.30809762,0.247130520574316,50.5304629337424,65.514,57.677,28.5,16.5,9.2,27.4,63.4,6.72059608817671,355,4.5,0.173,0.8,50,22.78,31.1,25.2,28.15,1,"Yes",82"
"AR","Argentina",500,13920,11.2373434362744,312.84764126588,1.08768714851317,1.77481880389002,3.4475320307634,2.61117541732671,11.1177888760774,64.1212772887989,0.44494502,0.162585100979651,51.2373484456557,91.87,72.924,6.4,15.8,6.5,77.6,15.9,20.0684923415798,27,5.9,3.57165,4.6,94,17.51,41.8,32.9,37.35,1,"Yes",64"
"AM","Armenia",98,7774,33.200351246165,2633.66867946619,1.53403056639204,2.45959959671612,3.78826990015616,3.12393474843614,11.2538176570131,68.11276041799,0.02951776,1.03680224798033,52.9565771522637,63.149,71.115,6.5,22.3,3.9,93.3,2.8,8.34918017778266,31,6.1,3.061225,4.02,95,-0.57,41.2,43.4,42.3,1,"Yes",61"
"AU","Australia",103,7139,4.12125797278361,285.647190948565,0.709376653072155,3.40801882417612,4.67924906904907,4.0436339466126,15.6564752275591,65.1529077338752,0.24992369,0.0324912948744283,50.1996232411296,86.012,80.4,2.3,9.1,5.9,89.5,4.6,45.7525547971169,6.6,5.6,3.27402222222222,3.87833333333333,95,25.37,34.8,32.8,33.8,1,"Yes",25"
"AT","Austria",645,16515,72.9057649470665,1866.72667922605,1.86867831643337,3.92008680806524,6.55386653077959,5.23697666942241,19.0015664595899,66.7004859083869,0.08847037,1.07206926667578,50.8294266482503,58.297,79.3,2.1,11.4,5.2,92.2,2.6,48.9687139738792,7.1,6.6,4.66801111111111,7.7,94,1.42,44.9,38.8,41.85,1,"Yes",57"
"AZ","Azerbaijan",54,4568,5.4313202513615,459.449461263321,0.808300136069503,0.982339804628094,1.73714498870402,1.35974239666606,6.19518275071493,70.4352473888986,0.09942334,1.20265319946776,50.1157491047071,55.68,70.128,11.2,22.2,4.6,86.6,8.8,17.0906963363208,63,6.1,3.5873625,6.46666666666667,96,4.97,25.9,31.4,28.65,1,"Yes",60"
"BD","Bangladesh",544,38292,3.37142633998347,237.313708475454,0.640623164776742,0.925676649434137,1.06714091750227,0.996408783468203,5.15839063962068,67.1355868778783,1.61356039,12.3957931166936,49.3872966665271,36.632,70.409,17.1,21.6,7.5,66.9,25.6,3.30610831238781,221,9.2,0.390476923076923,0.575,97,25.42,15.2,17.4,16.3,1,"Yes",69"
"BY","Belarus",214,38956,22.5610217654822,4106.94936400058,1.37219412047366,1.9850578004464,5.62395173555485,3.80450476800062,14.8451481743098,68.2889087752101,0.09485386,0.467287999040892,53.4560542241486,78.595,69.3,1.3,23.7,7,90.5,2.5,18.1721809080958,31,5,4.22154,11.2,97,-0.69,43.9,45.5,44.7,1,"Yes",59"
"BE","Belgium",9364,57592,819.816516588765,5042.16924640967,2.9142460867921,4.2684741168814,7.12120189712347,5.69483800700243,18.7887437383395,64.1558335012748,0.11422068,3.77214927344782,50.593319387085,98.001,79,2,11.4,6.4,85.7,7.9,45.2631621585759,9,4.6,2.79814444444444,6.55,96,5.23,39.4,35,37.2,0,"No",35"
"BZ","Belize",2,18,5.22096425988916,46.9886783390024,0.793857706281183,1.04770490256711,1.03134605482829,1.0395254786977,4.73645877657144,64.9837758535624,0.00383071,0.167939938623411,50.1925230570834,45.724,71.533,8.6,22.1,13.2,67.4,19.4,8.09377961993173,30,17.1,0.96785,1.16,97,24.45,24.3,25.1,24.7,1,"Yes",84"
"BJ","Benin",3,210,0.261209182582432,18.2846427807703,0.100787124088523,0.333086789784896,0.540043477384322,0.436565133584609,3.25360529746338,54.2987123079372,0.11485048,1.01853919829727,50.098201703347,47.312,59.633,31.3,19.6,10.2,35.7,54.1,2.0675704643556,56,1,0.11874,0.5,71,30.14,39.9,40.3,40.1,1,"Yes",77"
"BT","Bhutan",0,28,0,37.1158837424476,0,1.20832395387809,1.2107076985555,1.2095158262168,6.00301171280561,68.2256345541021,0.00754394,0.197775277714448,47.0026352207594,40.895,70.822,16.4,23.3,10.5,68.6,20.9,8.34172458958444,149,10.3,0.264311111111111,1.73333333333333,97,5.68,19.7,20.4,20.05,1,"Yes",66"
"BO","Bolivia",280,7768,24.6627761724464,684.21587609844,1.40930363610584,1.36894923683088,1.8807748577976,1.62486204731424,7.19194739218447,61.7345048621782,0.11353142,0.104801458506416,49.7833991301085,69.425,68.173,14.3,17.2,13.1,64.5,22.4,6.53178599421259,108,6.8,0.716125,1.1,89,22.07,27.4,27.2,27.3,1,"Yes",72"
"BA","Bosnia_and_Herzegovina",151,2435,45.4281664861073,732.566790686564,1.66678153310212,2.62930835956091,4.14307064239771,3.38618950097931,16.4703174710621,68.7634648796227,0.03323929,0.6492048828125,51.0105360252881,48.245,74.622,4.1,17.8,3.7,94.5,1.8,11.6971771342013,25,9,1.77503333333333,3.36666666666667,68,4.01,45.6,43.2,44.4,1,"Yes",66"
"BW","Botswana",1,35,0.443630923914635,15.5270823370122,0.159456176478105,0.329681136669237,0.658207309145608,0.493944222907422,4.22387434629301,61.6631796378814,0.02254126,0.0397742487604327,51.7307604432344,69.446,65.79,24.5,20.3,8.3,45.7,46,16.1336867107692,275,5.8,0.357744444444444,2,97,24.3,42.2,41,41.6,1,"Yes",92"
"BR","Brazil",25598,411821,122.204045973641,1966.0204866361,2.0906249701269,1.38043098835871,2.2316250996813,1.80602804402,8.92283783244003,69.7430902567055,2.09469333,0.250617162430876,50.8299167629894,86.569,71.804,8.1,16.6,12.2,73.9,13.9,15.5847505536108,45,10.4,1.84654,2.32857142857143,84,25.49,28.1,38.5,33.3,1,"Yes",57"
"BN","Brunei_Darussalam",2,141,4.66241765004826,328.700444328402,0.753001899013879,0.685945519147256,0.830842101176379,0.758393810161818,4.87314756750582,72.1003909428086,0.00428962,0.813969639468691,48.0361805296531,77.629,74.454,5.5,16.6,7.4,84.8,7.8,80.8004129471242,68,13.3,1.38302727272727,2.75428571428571,99,25.92,29.1,32,30.55,1,"Yes",70"
"BG","Bulgaria",133,2460,18.9344974585064,350.217020661096,1.29960529172911,3.47833929591438,5.96623216359801,4.72228572975619,21.021914434268,64.3826202477506,0.07024216,0.647035372144436,51.4140884138516,75.008,71.3,3.6,23.6,2.6,95.2,2.2,17.9465777135514,22,6,3.808875,6.48888888888889,93,4.7,45.5,46.5,46,1,"Yes",68"
"BF","Burkina_Faso",53,845,2.68333575086696,42.781485084577,0.566241308347938,0.178068625002207,0.312584894859738,0.245326759930972,2.40698082866355,52.6449378491703,0.19751535,0.721912828947368,50.0954815202072,29.358,59.981,24.7,21.7,11,32.7,56.3,1.67099282137701,48,7.3,0.0423714285714286,0.65,88,30.63,9,12.4,10.7,1,"Yes",71"
"BI","Burundi",1,42,0.0894824318246774,3.75826213663645,0.0372202315321457,0.227288725085867,0.356300585871955,0.291794655478911,2.24694046033717,52.2513787905443,0.11175378,4.35178271028037,50.4219946366025,13.032,59.092,21.7,22.9,12.1,32.1,55.8,0.756837782845589,111,5.1,0.04885,1.13333333333333,88,20.43,32.6,30.8,31.7,1,"Yes",92"
"KH","Cambodia",0,124,0,7.63086408827974,0,0.44915480361977,0.691622532759217,0.570388668189494,4.56868001756576,64.2299052197099,0.16249798,0.920564128710628,51.1979812668406,23.388,67.062,14.4,21.1,10,64.4,25.6,3.33335167522123,302,6.4,0.249714285714286,0.76,84,27.93,25.5,24.1,24.8,1,"Yes",28"
"CM","Cameroon",177,5436,7.01928681904441,215.575385018788,0.904135746797147,0.245414325454455,0.371297984536454,0.308356154995454,2.72887735524057,54.6395427998918,0.25216237,0.533439889149796,50.0034878287467,56.374,57.235,26.6,21.6,10.9,35.2,53.9,3.29308845189369,186,6,0.07534,1.4,71,26.27,18.5,17.9,18.2,1,"Yes",67"
"CA","Canada",6765,87508,182.547459101274,2361.32491515658,2.26374837682184,3.44384967889239,5.17041754242233,4.30713361065736,17.2320066788651,66.8977424466943,0.37058856,0.0407530821431988,50.3915299543153,81.411,80.288,3.4,9.8,6.1,88.3,5.6,44.226490709318,5.6,7.6,2.32944444444444,3.07142857142857,90,-18.72,22.7,23.9,23.3,0,"No",26"
"CF","Central_African_Republic",1,702,0.214299016131787,150.437909324515,0.0843256431361477,0.228033309985213,0.477617901429965,0.352825605707589,2.82577370666008,52.879905742539,0.04666377,0.0749041221227006,50.4364737081782,41.364,50.152,41.2,23.1,10.3,26,63.7,0.853266376941875,540,6,0.0497333333333333,1.1,49,26.96,33.6,33.2,33.4,1,"Yes",76"
"CO","Colombia",803,24104,16.1736408527235,485.491206866808,1.2348623763855,1.48426927656809,2.03518142704334,1.75972535180571,8.47804701986958,68.4440570001664,0.49648685,0.447487021180712,50.9257716952294,80.778,74.124,7.8,15.8,15,74.8,10.1,13.2116324952873,33,7.4,1.70129230769231,1.31666666666667,95,25.14,28.7,28.7,28.7,1,"Yes",67"
"KM","Comoros",2,87,2.40291617907493,104.526853789759,0.531851251648391,0.312504466050868,0.46546808634433,0.388986276197599,3.00700930649436,57.4545668623441,0.00832322,4.47244477540227,49.5587044437129,28.965,62.21,31.6,22.9,10.9,41.7,47.4,2.64201444614686,35,12.3,0.183233333333333,2.2,90,25.2,43.6,41.5,42.55,1,"Yes",123"
"CG","Congo",19,571,3.62293761892531,108.878809495071,0.664918033187314,0.207618851959778,0.367836649753849,0.287727750856814,2.68171953903232,55.5547780005145,0.05244363,0.153568462664715,50.0656037730416,66.916,62.546,20.3,16.7,9.9,34.6,55.5,5.66364888108872,375,6,0.1288,1.6,75,25.6,18.2,19.3,18.75,1,"Yes",76"
"HR","Croatia",101,2244,24.6979997065584,548.735755856605,1.40989931982107,3.64181309123871,7.48582734086672,5.56382021605272,20.445433012423,65.0426269817306,0.040894,0.730771979985704,51.8526217475815,56.947,74.9,2.6,16.7,5.3,92.4,2.3,22.9922116699332,8.4,5.4,2.80697,5.63545454545455,93,5.83,43.7,38.5,41.1,1,"Yes",57"
"CZ","Czech_Republic",317,9086,29.8333426660562,855.097007772197,1.48902060947287,2.83741960028193,5.34618323660414,4.09180141844304,19.4208768932343,64.9925175870224,0.10625695,1.37602887852888,50.8085889327815,73.792,76.5,1.8,15,4.7,89.9,5.4,32.7718057237293,5.4,7,3.702925,7.01,96,2.8,48.2,42.6,45.4,1,"Yes",62"
"DK","Denmark",565,11480,97.4567076605802,1980.18230786453,1.99324530910534,3.56907491645087,5.4657626049592,4.51741876070504,19.8129526369902,63.7287848006111,0.05797446,1.38067301738509,50.2742027259115,87.874,79.2,3.1,11.3,3.8,89.7,6.5,48.5249924543838,5.4,8.3,3.56958333333333,3.41111111111111,95,2.24,39.9,34.6,37.25,1,"Yes",58"
"DJ","Djibouti",18,2697,18.7711175071956,2812.53910649481,1.29603121729002,0.513758341390734,0.706059518593781,0.609908929992258,4.52757937811482,65.898304660541,0.0095892,0.413684210526316,47.3667854457553,77.777,64,31.7,19.6,10.4,44.4,45.2,2.74426865451208,260,5.1,0.215125,1.45714285714286,86,25.75,19.8,22.3,21.05,1,"Yes",79"
"DO","Dominican_Republic",474,15723,44.6026762546738,1479.51029272624,1.65899033057082,1.41201958686141,1.76264422601075,1.58733190643608,7.08281747649721,64.9400530208454,0.10627165,2.1997857586421,50.007796071702,81.074,70.609,19.4,19,12,72.3,15.8,13.9050878852477,45,8.6,1.37733333333333,1.4375,95,22.88,27.4,29.3,28.35,1,"Yes",62"
"EC","Ecuador",3275,38103,191.695830284979,2230.28586911407,2.28487231712656,1.31184512164103,1.76344337420836,1.5376442479247,7.15728972666108,64.814118271228,0.17084357,0.687886817522951,49.9706251782698,63.821,73.833,7.2,13,12.8,72.2,15.1,10.875902321094,44,5.5,1.9036,1.52857142857143,83,21.93,28.5,28.6,28.55,1,"Yes",61"
"EG","Egypt",816,19666,8.29069492940184,199.809811864726,0.968048199754354,0.593765076616204,0.988303008774181,0.791034042695193,5.22977934620923,60.971499944556,0.98423595,0.988734692852479,49.4699716435901,42.704,69.453,11.2,27.7,5.8,84.1,10.2,10.8110340710448,12,17.2,1.7304875,1.51,94,17.83,17.1,23.9,20.5,1,"Yes",46"
"SV","El_Salvador",39,2109,6.07406244509982,328.46660760809,0.849668889157355,1.64624432140546,2.03761415377831,1.84192923759189,8.28709000480629,64.5808290812314,0.06420744,3.09881467181467,53.1140024358563,72.023,68.006,6.7,14,15.4,73.8,10.8,7.23484666008084,70,8.8,1.65428,0.99,81,25.7,27.1,30,28.55,1,"Yes",79"
"GQ","Equatorial_Guinea",12,1043,9.16748537404104,796.807270427067,1.00721355634313,0.232444907806023,0.344897510276468,0.288671209041245,2.45787734677897,60.4255237876965,0.01308974,0.466657397504456,44.4558529404125,72.143,57.059,29.9,22,10.7,35.9,53.4,30.5908474102008,201,6,0.4,2.06666666666667,30,25.04,28.2,25.2,26.7,1,"Yes",75"
"EE","Estonia",66,1840,49.966537561209,1393.00650170643,1.70728513056462,3.14651675159787,7.95170970911135,5.54911323035461,19.6263568469749,64.0165694070692,0.01320884,0.303861053600184,52.8584268202066,68.88,73.3,1.2,17,4.5,92.7,2.8,28.8340000809741,13,4.2,3.3407,5.36,87,-2.35,45.5,42.9,44.2,1,"Yes",59"
"ET","Ethiopia",6,731,0.054932700620929,6.69263402564985,0.0232247547225858,0.454539763915115,0.547960578097338,0.501250171006226,3.50113299760986,55.7158850950668,1.09224559,1.09224559,49.9788884188067,20.763,63.997,28.1,18.3,11.7,39.3,49,1.51262467333981,151,4.3,0.0362,1.75,61,23.48,27.5,22.2,24.85,1,"Yes",74"
"FJ","Fiji",0,18,0,20.3739064588679,0,0.471507506837082,0.687612641052426,0.579560073944754,5.44968041263952,65.0376973863674,0.00883483,0.483570333880679,49.3005014205028,56.248,65.594,10.9,30.6,5.4,84.4,10.1,8.87544411741998,54,14.7,0.58042,2.1475,94,25,27.6,25,26.3,1,"Yes",80"
"FI","Finland",313,6692,56.7229365446127,1212.74725673019,1.76134841688924,3.92274373431006,6.88880106615372,5.40577240023189,21.7207875455222,62.134029481894,0.0551805,0.181568556480537,50.7207584853832,85.382,78.6,1,10.2,5.5,93.2,1.3,42.8552430225871,4.7,5.6,3.14394,5.96,96,-6.09,54.6,46.6,50.6,1,"Yes",30"
"FR","France",28596,145746,426.887244383423,2175.72766540448,2.63132934005612,4.56728527775527,7.63916641923836,6.10322584849682,20.0346247469881,62.0089108085333,0.66987244,1.22338395739199,51.5842404811336,80.444,79.5,2.5,10.6,6.4,87.6,6,40.3515680100792,8.9,4.8,3.26508571428571,6.92222222222222,90,6.37,38,38.5,38.25,1,"Yes",25"
"GA","Gabon",14,2319,6.60603272345496,1094.24213469229,0.881158189545896,0.385315219163665,0.681796982206926,0.533556100685295,3.56390746835592,59.4102228356395,0.02119275,0.0822476423332169,49.0686201649149,89.37,63.879,21,14.4,9.1,41,49.9,17.0778162774495,525,6,0.3611,3.2,59,26.14,44.7,43.6,44.15,1,"Yes",73"
"GM","Gambia",1,25,0.438576870683855,10.9644217670964,0.157933073471286,0.243793091556376,0.275318369495699,0.259555730526037,2.58998093938232,53.141274000107,0.02280102,2.2530652173913,50.4021328963919,61.27,60.088,26.3,20.4,10.9,34.3,54.8,2.40519191974426,174,1.9,0.0985833333333333,1,91,27.32,33,30.4,31.7,1,"Yes",78"
"GE","Georgia",12,735,3.21629589922273,196.998123827392,0.624931082017158,2.51953652717939,4.84595282798026,3.68274467757982,14.8654914310525,65.3392679684092,0.03731,0.652752020714511,52.2912375035786,58.632,68.98,5.9,24.9,3.6,93.7,2.7,9.58346081684932,80,5.8,4.6252,3.12222222222222,98,0.72,40.2,41,40.6,1,"Yes",58"
"DE","Germany",8411,179717,101.425428217049,2167.14703161138,2.01040778831385,5.07035282230536,8.18380735564631,6.62708008897584,21.4619619953309,64.9170079001335,0.82927922,2.373709697733,50.6603673700529,77.312,78.6,2.2,12.1,4,91.2,4.8,46.5762067643952,7.3,10.4,3.84022,8.25555555555555,97,3.87,35.6,34.2,34.9,1,"Yes",28"
"GH","Ghana",34,7303,1.14220031049036,245.337907867973,0.330860077921255,0.279961164752472,0.373264823580508,0.32661299416649,3.06889800693396,59.3350404080317,0.29767108,1.30821429199262,49.3258297043838,56.06,62.437,23.9,20.8,9.8,42.7,47.5,3.92197636876188,148,2.5,0.120157142857143,0.9,92,29.52,41.5,41.4,41.45,1,"Yes",73"
"EL","Greece",173,2903,16.1265244226425,270.608672826191,1.23366923820105,6.13905853892866,8.39676589590683,7.26791221741775,21.6552720778435,64.2734830567542,0.10727668,0.832247323506594,50.916201905221,79.058,78.9,2.6,12.4,2.9,86.2,10.9,27.206548896077,4.5,4.7,5.71011111111111,4.65555555555556,97,8.19,39.2,36.4,37.8,1,"Yes",58"
"GT","Guatemala",68,4145,3.94253020108585,240.320407110307,0.693949331728727,0.935174985011108,1.17451954614211,1.05484726557661,4.81207250828785,60.7525320983504,0.17247807,1.60953779395297,50.7593494959228,51.054,70.83,12.3,14.9,15.7,59.2,25.1,7.5159290750786,26,10,0.62945,0.625,87,22.94,25.6,26.5,26.05,1,"Yes",75"
"GN","Guinea",21,3446,1.69159514038548,277.582707322303,0.430009735522376,0.2583652284174,0.380757766245976,0.319561497331688,2.92602244847935,53.2238042069734,0.12414318,0.505222122741332,51.8211107004733,36.14,60.04,31.1,22.4,9.2,35.1,55.7,2.00228756495598,176,2.4,0.0919666666666667,0.3,48,27.63,40.6,41,40.8,1,"Yes",74"
"GY","Guyana",11,139,14.1205950162002,178.432973386529,1.17956888158634,1.0780078721429,1.46646460897713,1.27223624056001,6.45027124309697,65.335183554427,0.00779004,0.0395734823469647,49.8080248316125,26.606,66.605,18.2,30.5,12.4,67.6,20,7.19872445564508,83,11.6,0.568233333333333,2.16,98,25.65,26.2,26.3,26.25,1,"Yes",73"
"HT","Haiti",34,1320,3.05668093357509,118.671142127033,0.608170850879845,0.681593974908203,0.973671571409859,0.827632773159031,4.94940384843253,61.8083518936764,0.11123176,4.0359854862119,50.652209893517,55.278,61.139,26,26.5,12.6,57.1,30.3,1.70589759455347,176,6.7,0.18585,1,69,23.47,25.5,26.7,26.1,1,"Yes",80"
"HN","Honduras",194,4640,20.2346341421694,483.962383606525,1.32704478280229,0.855371368445934,1.20341974103531,1.02939555474062,4.69061765907812,63.5685008076122,0.09587522,0.856870319063366,50.0493401684669,57.096,72.573,9.6,14,19.6,66.5,14,4.43369595998317,37,7.3,0.5716,0.728571428571429,89,23.38,25.5,25.7,25.6,1,"Yes",72"
"HU","Hungary",509,3816,52.104739739896,390.631997735645,1.72513328475414,2.66613363628863,5.87648547244443,4.27130955436653,19.1577253832321,66.4302824033255,0.09768785,1.07906605545123,52.4324280334941,71.351,72.6,2.3,23,4.4,93.8,1.8,25.7573736111384,6.4,6.9,3.24861666666667,7.3,99,5.44,46.2,47.4,46.8,1,"Yes",65"
"TD","Chad",64,715,4.13496767069066,46.1953419459972,0.710537713661661,0.265347333835293,0.360835727122948,0.313091530479121,2.48051894434901,50.393181066809,0.15477751,0.122917336404066,50.0848994170785,23.059,52.315,34.2,23.9,9.3,27.3,63.4,2.00732161929562,142,6,0.042,0.4,37,26.55,32.7,31.3,32,1,"Yes",80"
"CL","Chile",841,82289,44.903241789808,4393.63004000179,1.66184335746993,1.985226933853,3.41640396810778,2.70081545098039,11.5298016568816,68.7162958723189,0.1872916,0.251894460666519,50.7270318390045,87.564,77.333,4.9,12.4,7.1,84.7,8.1,22.2523960208026,18,8.6,1.03645,2.17142857142857,93,10.87,31.7,28.2,29.95,1,"Yes",64"
"CN","China",4638,84106,3.33015013678172,60.3893073316436,0.636502954654851,1.39566194543666,2.17991235149794,1.7877871484673,10.9208835350654,71.2021137123803,13.9273,1.48348833270666,48.6793739572695,59.152,74.315,4.3,17,7,89.3,3.8,13.5313781383307,61,9.2,1.5732,3.40666666666667,99,0.49,35.7,32.3,34,1,"Yes",0"
"IN","India",4531,158333,3.34980182953859,117.056758569043,0.638469471598702,0.815471943199711,1.07414113739948,0.944806540299596,6.17995564947149,66.7667424975064,13.52617328,4.54938072575247,48.0235396426684,34.03,68,22.7,23.3,11.3,62.7,26,5.83665656176945,199,10.4,0.673908333333333,0.8,90,23.45,25.8,29.2,27.5,1,"Yes",30"
"ID","Indonesia",1473,23851,5.50317976753156,89.1081742263376,0.813125759385094,0.638622003478531,1.07374094433761,0.856181473908071,5.85716561272863,67.5916370820079,2.67663435,1.4775219008926,49.6438821889217,55.325,69.156,12.7,26.4,6,73.3,20.7,10.5772044723207,316,6.3,0.24655,0.9,75,25.79,25,24.7,24.85,1,"Yes",62"
"IR","Iran",7564,141591,92.4691335672747,1730.93562809677,1.97066821692,1.27963766923657,0.966979085667083,1.12330837745183,6.18457380562499,69.3388675341431,0.81800269,0.50222420123284,49.4391297606055,74.898,75.217,8.9,14.8,10.1,81.9,7.9,18.4501839209751,14,9.6,0.98516,1.44,99,11.33,26.4,25.9,26.15,1,"Yes",51"
"IQ","Iraq",175,5135,4.55330752258441,133.607052162691,0.744551723835161,0.375919297130585,0.590288220297314,0.48310375871395,3.32359966279505,58.2898349360976,0.384336,0.885305700354617,49.4086815277589,70.473,68.277,15.3,21.3,28.4,54.7,16.8,15.8895142144928,42,8.8,0.725333333333333,1.31,83,15.12,24.8,23.9,24.35,1,"Yes",56"
"IE","Ireland",1631,24803,336.045736834363,5110.32643206787,2.52768883828086,2.50008058294329,3.53762432346675,3.01885245320502,13.8658017012923,64.7277787116415,0.04853506,0.70452983016403,50.4255094845201,63.17,80.2,2.3,10.3,4.3,90.6,5.1,59.3055779511531,7,3.2,2.81283,3.95555555555556,92,6,46,32.2,39.1,1,"Yes",61"
"IL","Israel",281,16793,31.6306085233796,1890.29469371215,1.51362517295679,2.41256950102334,3.67980385891828,3.04618667997081,11.9769860249625,60.0977675160436,0.088838,4.10526802218115,50.2981265779531,92.418,80.7,1.9,9.6,4.1,85.8,10,34.5710853929276,4,9.7,3.38105555555556,3.53333333333333,98,14.96,33.8,40.1,36.95,1,"Yes",53"
"IT","Italy",33072,231139,547.266223025581,3824.82364307903,2.73899149117719,5.4816091504843,8.86526233243739,7.17343574146084,22.7516796025077,63.9192043068525,0.60431283,2.05450747943156,51.3766696255652,70.438,81,2,9.5,3.8,91.4,4.9,37.7630815836322,7,5,3.94927777777778,3.6875,93,6.52,45.7,36.5,41.1,0,"No",31"
"JM","Jamaica",9,569,3.06659102408807,193.876699189568,0.609230497727214,1.93886183636797,2.15249763097333,2.04567973367065,8.79664255070196,67.4532607662342,0.02934855,2.70993074792244,50.3398296269012,55.674,72.708,10.2,14.7,8.7,80,11.2,8.50854694165652,2.9,11.3,0.542271428571429,1.75714285714286,89,23.44,30.4,33.6,32,1,"Yes",72"
"JP","Japan",858,16651,6.78104878640566,131.5981857138,0.891038138307259,6.16625352031787,10.5564415152335,8.36134751777568,27.576369910355,59.7267812806245,1.265291,3.47073458415624,51.1592591291078,91.616,81.09,0.9,8.4,4.8,82.4,12.7,39.1530060242437,14,5.6,2.27806666666667,13.796,97,2.52,46.7,37.5,42.1,1,"Yes",15"
"JO","Jordan",9,720,0.903976502235684,72.3181201788548,0.279661584273061,0.533540227473842,0.671212255739265,0.602376241606553,3.84649039799834,61.9080193928583,0.09956011,1.1214249831043,49.389683544596,90.979,72.628,9.5,19.2,10.9,78.4,10.7,9.20149651225934,5,12.7,2.24923636363636,1.78181818181818,92,13.08,29.3,26.3,27.8,1,"Yes",63"
"KZ","Kazakhstan",37,9576,2.02445774762442,523.951551114904,0.4806475216912,0.916332598213873,2.07007614733361,1.49320437277374,7.39184627103032,64.1476039511304,0.18276499,0.0676982590658221,51.5114836468188,57.428,68.72,5.6,26.8,9.5,86,4.5,24.1030338477418,68,6.1,3.60587,7.41111111111111,99,-3.96,33.9,33.1,33.5,1,"Yes",75"
"KE","Kenya",55,1471,1.07018444726238,28.6225694895084,0.316009041524365,0.192552058492965,0.347275825509531,0.269913942001248,2.33918661191556,57.8786464540153,0.5139301,0.902994166637383,50.3160203897178,27.03,63.539,19.6,13.4,9.6,27.1,63.3,2.8839337123432,292,3.1,0.181228571428571,1.4,89,26.1,34.7,36.8,35.75,1,"Yes",74"
"KW","Kuwait",175,23267,42.2980251172924,5623.70371659453,1.63646808803415,0.208429791586201,0.257054011900513,0.232741901743357,2.55047238400198,75.9106395650123,0.04137309,2.32172222222222,39.5481706247096,100,74.584,4.5,17.4,12.8,72.4,14.8,75.8307295889667,23,12.2,2.16873636363636,1.98,99,19.23,24.5,26.5,25.5,1,"Yes",55"
"LV","Latvia",23,1057,11.9384887534245,548.651417929119,1.11188355265592,3.14242030632678,7.98817164555261,5.5652959759397,20.0436203206809,63.9606027403227,0.01926542,0.309833065294307,54.0101666562093,68.142,69.9,2,21.9,5.4,91.8,2.7,23.8146826065445,29,5,3.38225,6.81111111111111,98,-1.37,44.7,36.7,40.7,1,"Yes",63"
"LB","Lebanon",26,1161,3.79621619451228,169.515653916491,0.680898751150649,1.19514163374769,1.77056973348772,1.4828556836177,7.00236813439294,66.901764700394,0.06848925,6.69494134897361,49.705805515578,88.593,77.031,4.3,17.9,5.8,90.6,3.6,13.2450687786621,11,11.2,2.55344444444444,3.38,82,10.39,30.6,29.6,30.1,0,"No",53"
"LS","Lesotho",0,2,0,0.948707196703053,0,0.378519203617924,1.26328232695333,0.820900765285627,4.90108749682213,62.3825609677432,0.02108132,0.69437812911726,50.7168954341523,28.153,49.837,34.9,26.6,8.3,32.3,59.3,2.90436230392372,611,4.5,0.0676,1.3,90,15.13,17.5,35,26.25,1,"Yes",136"
"LR","Liberia",27,266,5.60284890340834,55.1984373446895,0.819731359189291,0.338090449936257,0.461197453886509,0.399643951911383,3.25343179968014,55.6215816108536,0.04818977,0.500309073920266,49.7682910228231,51.151,61.911,24.5,17.6,10,31.4,58.5,1.25631109852399,308,2.4,0.0246666666666667,0.75,91,26.44,39.9,40.3,40.1,1,"Yes",77"
"LY","Libya",4,99,0.598930878435449,14.8235392412774,0.203829689660608,0.623992592236906,0.897056923445151,0.760524757841028,4.39204025898401,67.2887220132367,0.06678567,0.0379563238119054,49.4837888079251,80.102,69.672,6.4,20.1,20.1,71.9,8,19.3396159298629,40,10.2,1.98748333333333,3.67,97,17.76,23.4,23.6,23.5,1,"Yes",85"
"LT","Lithuania",66,1647,23.6598742513532,590.421407454223,1.39199085765782,3.50274873842332,8.1713074490098,5.83702809371656,19.7050331564608,65.4125423380302,0.02789533,0.445313513780643,53.7919586473278,67.679,69.5,2.1,20.7,6.6,89.8,3.6,27.8087522992438,44,3.8,4.08613,7.16666666666667,92,-0.47,43.5,40.5,42,1,"Yes",59"
"LU","Luxembourg",110,4001,181.002027222705,6583.5373719822,2.2600762253847,3.00125284513916,5.04580106768937,4.02352695641426,14.1831541841472,69.9380218288939,0.00607728,2.50093827160494,49.5392589748512,90.981,80.1,1.4,10,6.7,88.4,4.9,100.219116081035,8,5,2.85313,5.37272727272727,99,4.7,48.5,37.1,42.8,1,"Yes",61"
"MG","Madagascar",2,612,0.0761545950464178,23.3033060842038,0.0318746644092494,0.384010504939459,0.464329479076306,0.424169992007883,2.98671712579162,56.3451322813798,0.26262368,0.451398556204881,50.1239666132987,37.191,64.728,20.6,22.9,10.6,43.2,46.2,1.70444305905119,233,4.5,0.1736,0.25,62,23.99,33.1,32.2,32.65,1,"Yes",81"
"MW","Malawi",4,101,0.220466877194162,5.56678864915259,0.0865259973976155,0.205437411186752,0.412039067778323,0.308738239482537,2.64543493031032,53.4522791630613,0.18143315,1.92440761561307,50.7015156905763,16.937,60.155,22.4,16.4,8.6,31.7,59.7,1.18364844038065,181,4.5,0.017675,1.2,87,23.25,33.4,32.6,33,1,"Yes",94"
"MY","Malaysia",115,7619,3.64748370407362,241.653724707278,0.667217875637414,1.01429906315504,1.13404073113269,1.07416989714386,6.67175462547886,69.3331042884915,0.31528585,0.959628214883579,48.5785205819849,76.036,73.903,4.3,17.2,8.9,73.6,17.5,25.8714033637753,92,16.7,1.24358,1.83125,96,25.19,26.5,25.2,25.85,1,"Yes",25"
"ML","Mali",70,1116,3.66920733065691,58.4976483001873,0.669243158694369,0.240603953829339,0.296138983698029,0.268371468763684,2.50722975755683,49.9492838489489,0.1907769,0.15635015858186,49.940996726292,42.356,57.718,32.7,24.6,8.9,30.5,60.6,2.01312360238592,53,2.4,0.0957571428571429,0.333333333333333,70,27.34,32.6,32.1,32.35,1,"Yes",86"
"MR","Mauritania",16,292,3.63362272867353,66.3136147982919,0.665920670471367,0.322204696612076,0.518632338535914,0.420418517573995,3.14111215805009,56.7757050202881,0.04403319,0.0427216357815077,49.8226562187735,53.672,62.831,33.5,18.1,9.4,37.2,53.4,3.81721074949585,93,7.1,0.140666666666667,0.4,78,25.29,26.3,29.5,27.9,1,"Yes",75"
"MU","Mauritius",10,334,7.90324530962149,263.968393341358,0.949548339583855,1.45222816029278,2.59336407111818,2.02279611570548,11.4741730686522,70.7321346133359,0.01265303,6.2330197044335,50.5771064028586,40.793,71.3,9.2,22.6,4.8,88.7,6.5,19.3987280488836,13,22,1.45775555555556,3.23333333333333,99,25.48,49,48.4,48.7,1,"Yes",80"
"MX","Mexico",8597,78023,68.1270014733564,618.293943928776,1.83964771886973,1.32388392318644,1.78072383878986,1.55230388098815,7.22368498087198,66.2194668282759,1.26190788,0.649146264050001,51.0892808319391,80.156,72.046,7.5,15.7,10.3,79.9,9.8,17.855589538694,23,13.5,2.03156666666667,1.58888888888889,97,18.44,29.3,28.5,28.9,1,"Yes",60"
"MD","Moldova",274,7537,77.2727131718672,2125.56364662906,1.89361038805712,1.43488920733009,3.09961559530557,2.26725240131783,11.4695563413512,72.6703527985579,0.03545883,1.2351980353224,52.035563123928,42.629,67.439,11.9,24.9,5.7,90.1,4.2,5.89332742784565,86,5.7,2.6256,6.16666666666667,93,2.93,43.3,42.2,42.75,1,"Yes",68"
"MN","Mongolia",0,161,0,50.7853112477162,0,0.443128345443163,0.813654453964402,0.628391399703782,4.08353878726245,65.50689290572,0.03170208,0.0204060866654651,50.6695447058148,68.445,65.465,8.7,30.2,10.6,79.7,9.7,11.1277975364903,428,4.7,2.96358888888889,6.32666666666667,99,-8.8,37.3,30.6,33.95,1,"Yes",70"
"ME","Montenegro",9,324,14.461432163832,520.61155789795,1.18924971933923,2.64987499677827,4.19109608677708,3.42048554177767,14.9749366447439,66.8155442180663,0.00622345,0.462710037174721,50.5590129387722,66.813,74.205,1.7,20.6,3.5,95,1.4,16.2734891938591,15,9,2.08927777777778,4.0125,58,2.53,43.4,41.9,42.65,1,"Yes",78"
"MA","Morocco",202,7601,5.60657321304773,210.968133625623,0.819976252138261,0.895347383480323,1.44209979192234,1.16872358770133,7.0129048211122,65.7807150460324,0.36029138,0.807285189334528,50.4038472912818,62.453,74.948,13.8,12.4,6.4,79.6,14,7.47952580707139,99,7,0.63655,0.98,99,13.09,33.5,33,33.25,1,"Yes",63"
"MZ","Mozambique",1,227,0.0339029457659323,7.69596868886663,0.0144797727070622,0.225021068433318,0.471233626643576,0.348127347538447,2.8907644574499,52.4384353894175,0.29495962,0.37508535313716,51.4751911012775,35.988,56.293,27.8,18.4,7.8,26.9,65.3,1.26168567506273,551,3.3,0.0468875,0.766666666666667,85,25.48,36.1,31.5,33.8,1,"Yes",83"
"MM","Myanmar",6,206,0.111714379102187,3.83552701584175,0.0459932229357258,0.572078348369102,0.986136642569762,0.779107495469432,5.78464193257209,67.8443097829163,0.53708395,0.822386154835549,51.8078968699039,30.579,63.419,23.1,24.2,8.6,67.8,23.6,5.02141461692869,338,3.9,0.53712,0.75,93,22.74,24.7,25.5,25.1,1,"Yes",84"
"NM","Namibia",0,22,0,8.98599206373519,0,0.405442660931397,0.824916078336921,0.615179369634159,3.63603168074514,59.4537191301233,0.02448255,0.0297374558175127,51.5536903157293,50.032,60.02,15.6,21.3,9.8,40.9,49.3,10.2230966954738,524,4.5,0.37305,3,82,22.67,43.2,41.9,42.55,1,"Yes",75"
"NP","Nepal",4,886,0.142410223971763,31.5438646097456,0.0578220811571089,0.738154159756918,0.765084770076777,0.751619464916848,5.72767077569198,63.8580639025582,0.28087871,1.95939107080572,54.5353433292596,19.74,68.71,19.9,21.8,8.8,66.2,25,2.47520413122228,151,7.2,0.572975,2.65,91,10.02,21.6,22.1,21.85,1,"Yes",25"
"NL","Netherlands",5871,45768,340.722779160394,2656.14037755287,2.53367392973211,3.64646480347354,5.74881365238194,4.69763922792774,19.1961926333387,64.6956486568235,0.17231017,5.11457910359157,50.2209435647813,91.49,80,2.1,11.2,5.2,89.6,5.2,49.9843154922377,5.3,5.4,3.40828888888889,4.6,93,4.95,39.1,33.8,36.45,0,"No",59"
"NZ","New_Zealand",22,1154,4.50312148193634,236.20919046157,0.740609100009461,3.17823476764377,4.28399263136679,3.73111369950528,15.6524245271741,64.694144015841,0.048855,0.185541756864532,50.8377693974718,86.538,80,3.5,10.1,6,89.5,4.6,36.4995043194879,7.3,6.2,2.70726,2.55,92,13.6,36.4,30.9,33.65,1,"Yes",59"
"NI","Nicaragua",35,759,5.41333688448233,117.392077009203,0.807084053456766,0.875364918436826,1.32977271472668,1.10256881658175,5.24749744838026,64.5508213516632,0.06465513,0.537270483629716,50.7127056800849,58.522,70.551,9.4,14.2,12.7,76.4,10.9,4.883732480947,41,11.4,0.7439,0.922222222222222,99,24.95,25.4,26.2,25.8,1,"Yes",79"
"NE","Niger",64,955,2.85167527902306,42.5523420541722,0.585649666180193,0.200988058965605,0.267188372592283,0.234088215778944,2.59500788269853,47.4206675078562,0.22442948,0.177176505881424,49.7710025976669,16.425,60.485,25.2,20,10.4,27,62.7,0.927871404075578,87,2.4,0.0334,0.3,77,26.01,33.8,32.4,33.1,1,"Yes",81"
"NO","Norway",235,8383,44.2200116816099,1577.43131032739,1.65533067019992,3.2039950192161,5.24231116221977,4.22315309071794,17.0492221563211,65.4017394653615,0.05314336,0.145549195374975,49.5246311324926,82.248,80.9,1.5,9.2,5.6,87,7.3,62.6503184407717,4.1,5.3,4.21626666666667,4.25555555555556,96,-5.49,38.2,33,35.6,1,"Yes",58"
"OM","Oman",38,8373,7.86833704560095,1733.72594954781,0.947842190335892,0.29164289654679,0.627624486973292,0.459633691760041,2.39278695625796,75.3607070585134,0.04829483,0.156041453957997,34.0140835154787,84.539,75.645,5.1,17.8,17.7,71.9,10.5,42.4790524109115,5.9,10.1,1.95183076923077,1.86,99,23.4,22.2,26.2,24.2,1,"Yes",56"
"PK","Pakistan",1260,61227,5.93737399278458,288.513966235097,0.841195107880596,0.668168493512301,0.640955465905393,0.654561979708847,4.31277431133756,60.4174110891137,2.1221503,2.75289318700706,48.5380747169765,36.666,66.041,42,24.7,7.3,57.8,34.9,4.65010975248484,265,19.9,0.847275,0.72,76,16.01,20.1,21.1,20.6,1,"Yes",58"
"PA","Panama",315,11728,75.4152687907916,2807.84213453462,1.88318014508152,1.69079701355295,2.15027042689743,1.92053372022519,8.10473107966757,64.8329645962083,0.04176873,0.561860774818402,49.9053836510993,67.709,75.06,8.5,13,9.7,74.6,15.6,20.8839055246236,52,7.7,1.43397,2.28888888888889,98,25.44,27.7,24.6,26.15,1,"Yes",70"
"PY","Paraguay",11,884,1.58135246175607,127.083234199306,0.411847307815823,1.01873058586409,1.40835678059795,1.21354368323102,6.43021500946081,64.1292793944163,0.06956071,0.175083589227284,49.1516113483061,61.585,72.041,10.7,17.5,12,74.4,13.7,11.4029322765194,43,9.6,0.963933333333333,1.28571428571429,93,25.84,27.8,27.2,27.5,1,"Yes",68"
"PE","Peru",3983,135905,124.510554418646,4248.45766966259,2.09868024799272,1.46155999397479,1.90024292853648,1.68090146125563,8.08839279183076,66.121004362089,0.31989256,0.2499160625,50.3377554939133,77.907,73.612,7.3,12.6,10.5,69.2,20.3,12.3515165584726,123,6.6,1.1828,1.4875,85,19.99,16.2,17.8,17,1,"Yes",67"
"PH","Philippines",904,15049,8.47617167180541,141.103879965708,0.97663291986863,0.529499112361671,1.04925957731597,0.789379344838821,5.12256876829946,63.9143910299006,1.06651922,3.57688305329175,49.7416573851815,46.907,66.971,13.5,26.8,7.5,67.3,25.2,7.00826647077637,554,7.1,1.25186666666667,0.583333333333333,67,25.13,28,23.5,25.75,1,"Yes",30"
"PL","Poland",1028,22473,27.0679121276569,591.728783312095,1.44821010821115,2.90312619081144,6.02310669715736,4.4631164439844,17.5178167625452,67.4299064237598,0.37978548,1.24035886214442,51.5307073794516,60.058,73.9,2.7,18.7,4.7,90.3,5,25.9904309948369,16,6.1,2.19399,6.52222222222222,93,2.65,40.9,35,37.95,1,"Yes",64"
"PT","Portugal",1356,31292,131.884009764085,3043.44722237297,2.1234727244414,4.92825496004909,7.75348486193732,6.3408699109932,21.9538575375873,64.5882346402803,0.10281762,1.1223945350807,52.7119617105452,65.211,78.1,2.1,11.1,4.2,85.6,10.2,29.3390041406528,24,9.8,3.79097272727273,3.42222222222222,99,11.33,38.6,35.7,37.15,1,"Yes",63"
"QA","Qatar",30,48947,10.7848610748121,17596.2198342942,1.07132446723386,0.0873684295727136,0.282074199309931,0.184721314441322,1.3700703387375,85.08916547614,0.02781677,2.39593195521103,24.4952873836765,99.135,78.83,3.5,15.3,25.9,68.9,5.2,123.213936355121,31,15.6,2.473025,1.64,99,21.78,26.8,36.2,31.5,1,"Yes",61"
"RO","Romania",1219,18594,62.5964879416262,954.814681531253,1.8034331327917,3.42296861334011,5.99391902301779,4.70844381817895,18.3387013938296,66.1267436456077,0.19473936,0.846398470097357,51.343743063071,53.998,71.7,3.4,21.4,3.6,92.2,4.2,21.6182718730627,68,6.9,2.40146666666667,6.45555555555556,90,3.4,39.1,46.7,42.9,1,"Yes",58"
"RW","Rwanda",0,346,0,28.1256475097137,0,0.283653239332565,0.441287970807325,0.362470605069945,2.9381960775388,57.0862309044811,0.12301939,4.98659870287799,50.8610613471713,17.211,66.187,15.9,18.2,13.5,44,42.4,1.78897875127941,59,5.1,0.0916888888888889,1.6,99,19.25,32.2,30.4,31.3,1,"Yes",75"
"VC","Saint_Vincent_and_the_Grenadines",0,18,0,163.324562199437,0,2.20804973471247,2.68840005162908,2.44822489317077,9.58978686338024,67.8689060075673,0.0011021,2.82589743589744,49.2087832320116,52.198,70.075,9.7,23.2,5.6,81,13.4,10.9317630770096,6.3,11.6,0.6587,3.3,99,25.9,27.9,30.7,29.3,1,"Yes",73"
"SA","Saudi_Arabia",425,78541,12.6112957981803,2330.5971371409,1.13389947209615,0.393734479827539,0.6139560660256,0.50384527292657,3.31408802294981,71.6430638491404,0.33699947,0.156766543082956,42.445847976176,83.844,73.671,3.7,16.4,16.3,73.2,10.6,51.5878304544839,10,15.8,2.2562625,2.25,98,20.6,25.6,27,26.3,1,"Yes",63"
"SN","Senegal",39,3253,2.45989115927732,205.180152336644,0.539062437038804,0.317852588790431,0.447213504502149,0.38253304664629,3.08682370101833,53.8577459283503,0.1585436,0.823474783150678,51.2773297682071,47.192,65.242,20.6,18.1,12.2,42.1,45.7,3.13102709461621,118,2.4,0.1402,0.2,82,28.47,42.3,40.4,41.35,1,"Yes",63"
"RS","Serbia",240,11275,34.3736912933159,1614.84737221723,1.5486803814057,3.14271266676729,4.89551454243343,4.01911360460036,18.3457926916963,65.964526556121,0.06982084,0.798317402241024,51.002522964154,56.092,73.6,3.4,19.1,3,94.6,2.4,14.9080483999846,17,9,2.42901111111111,5.6125,92,4.91,43.5,41.6,42.55,1,"Yes",67"
"SL","Sierra_Leone",45,782,5.88223452756637,102.22016445682,0.837729468094917,0.276193937989888,0.428234027548853,0.35221398276937,2.96655621131612,55.9738044352072,0.07650154,1.05987170961485,50.1212721477712,42.055,53.049,32.8,30.5,8.9,33.2,57.9,1.49593935855978,298,2.4,0.0205,0.4,80,27.65,39.8,39.7,39.75,1,"Yes",92"
"SG","Singapore",23,32876,4.07897173024306,5830.44672189003,0.705775795535112,1.57583077961962,2.77748824855553,2.17665951408758,11.4633801933791,76.2583371703582,0.05638676,79.529984184018,47.6581254061005,100,80.7,1.1,9.3,3.7,73.6,22.7,86.0684237332172,47,5.5,1.76859090909091,2.74571428571429,95,28.62,25.7,22.1,23.9,1,"Yes",24"
"SK","Slovakia",28,1515,5.14043390035379,278.134191394143,0.788199060696757,2.06381765565781,4.38090822321796,3.22236293943789,15.629246504777,68.9246167348919,0.05447011,1.13290578202995,51.3383325230785,53.726,73.8,2.8,17.2,6,89.2,4.8,29.091520569844,5.8,6.5,3.1179,6.34,96,2.4,39.5,33.7,36.6,1,"Yes",67"
"SI","Slovenia",107,1471,51.7565295457228,711.531354782787,1.72227621885471,3.49460207404943,7.13592646834857,5.315264271199,19.6068796541788,65.3713452980191,0.02067372,1.02639859503382,50.2452070327013,54.541,78.2,1.2,12.7,6.6,88.4,5,31.7402860380407,5.3,5.9,2.59476,4.65555555555556,93,3.38,42.5,37.2,39.85,1,"Yes",65"
"ZA","South_Africa",552,25937,9.55354121215954,448.895286992359,1.02339821042493,0.463872849967536,0.973071799103723,0.718472324535629,5.31800500542302,65.6025058468641,0.57779622,0.476301197767684,50.6941503848595,66.355,60.162,10.7,26.2,9.1,51.3,39.6,12.8666891446155,520,12.7,0.7698875,2.8,70,21.1,47,45.9,46.45,1,"Yes",66"
"KR","South_Korea",269,11344,5.20961879224536,219.694853454392,0.793064939708635,2.07437979992729,4.34970524775619,3.21204252384174,14.4185558323969,72.6081205891396,0.51635256,5.29652103632681,49.9168817920843,81.459,79.7,1.5,7.8,10,79.8,10.1,34.637085282755,66,6.9,2.05984615384615,10.608,98,3.66,28.6,23.5,26.05,1,"Yes",20"
"ES","Spain",27118,236769,580.390071010783,5067.42299296232,2.76446761060942,4.67746876668828,7.65694264517897,6.16720570593363,19.3785075224995,65.954491369965,0.46723749,0.935290582615872,50.8966413132559,80.321,80.5,1.7,9.9,3.5,91.4,5.1,34.5888452969275,9.4,6.9,4.1592,3.18888888888889,97,8.6,44,37.1,40.55,1,"Yes",32"
"LK","Sri_Lanka",10,1469,0.461467466543609,67.7895708352561,0.164789152052094,1.29445870974455,1.91869749493084,1.6065781023377,10.4732197537841,65.3297792245361,0.2167,3.45558922022006,51.9668176568014,18.476,73.238,4.5,17.4,9.7,82.8,7.5,11.1185327323533,64,10.7,0.77147,3.55,99,27.03,23,25.8,24.4,1,"Yes",28"
"SE","Sweden",4220,35088,414.409062006692,3445.68368902626,2.61847596628809,4.08274767181263,6.26245881863494,5.17260324522378,20.0955249278002,62.3226896122783,0.10183175,0.250010434312931,49.9457761669857,87.431,80.6,1.5,9.1,4.9,89.9,5.2,47.6285918594042,5.5,4.8,4.0331,2.76666666666667,97,-4.98,41.8,37,39.4,0,"No",32"
"CH","Switzerland",1647,30678,193.388326695468,3602.16580835675,2.28867018135177,3.9802980887717,6.31846878342175,5.14938343609673,18.6232165647717,66.4658286661214,0.08516543,2.15521378417094,50.4271246622237,73.797,81.7,2.9,8.6,6.1,89.6,4.3,61.3146088745616,6.4,5.7,4.00455,5.12222222222222,96,0.09,38.6,31.7,35.15,1,"Yes",57"
"TJ","Tajikistan",46,3100,5.05448015385838,340.628010368717,0.782076859947647,0.449818211458802,0.597068308842741,0.523443260150771,3.02188755207627,60.1938283684959,0.09100837,0.655727141724908,49.5838354386136,27.134,68.493,15,25.3,7.6,69.2,23.2,2.72933366833582,84,6.1,1.78443333333333,5.26666666666667,98,-3.08,26.3,25.4,25.85,1,"Yes",122"
"TH","Thailand",57,3054,0.820988215160674,43.9876843701877,0.260307135192366,2.07568057408385,2.98745031228904,2.53156544318644,11.9008931395893,71.0121180433042,0.69428524,1.35897206835131,51.2687046149695,49.949,72.977,5,14.5,10.2,74,15.8,15.857148354701,153,7,0.404733333333333,2.1,96,27.38,23.4,23.8,23.6,1,"Yes",13"
"TG","Togo",13,395,1.64784447998718,50.0691207380721,0.422892473416128,0.236070694787507,0.303956886234793,0.27001379051115,2.86946801108822,55.7960084891888,0.07889094,1.45046773303916,50.2680472221465,41.702,59.644,24.9,23.6,10.7,37.6,51.7,1.49567890945969,36,2.4,0.088975,0.8,85,29.31,39.5,40.1,39.8,1,"Yes",67"
"TN","Tunisia",48,1051,4.15038074555365,90.8760450745184,0.711839335755907,1.43186270028632,2.00762571361418,1.71974420695025,8.31567907898877,67.5142005746377,0.11565204,0.744413233779609,50.4371518597642,68.945,74.297,11.5,16.1,6.4,85.8,7.8,11.2660560839191,35,8.5,1.16097142857143,2.05454545454545,96,14.21,20.9,25.2,23.05,1,"Yes",63"
"TR","Turkey",4397,158762,53.4136873442384,1928.60219016283,1.73570815687439,1.25823609528756,2.09672332281534,1.67747970905145,8.4832129399716,66.8673769209477,0.82319724,1.06960128893104,50.6778132013215,75.143,74.149,5.5,16.1,6.2,89.4,4.4,23.5212136551633,16,11.1,1.6521,2.45555555555556,96,4.77,38.3,35.1,36.7,1,"Yes",72"
"UG","Uganda",0,281,0,6.57723207089254,0,0.135478194761969,0.276030832599754,0.205754513680862,1.94098692046317,51.1284878975505,0.42723139,2.13061734490325,50.7760788964281,23.774,60.27,19.9,21.9,12.7,32.9,54.5,1.81032865685302,200,2.5,0.104575,0.75,86,23.68,24.6,32.7,28.65,1,"Yes",82"
"UA","Ukraine",644,21584,14.4321758997184,483.701994750811,1.18842716485885,2.37050281262019,5.60474030328313,3.98762155795166,16.4346864392016,67.7529003875501,0.44622516,0.770296673514129,53.687750696908,69.352,67.02,5.2,24.7,5,91,4.1,8.44175224854072,80,6.1,3.35196666666667,8.92222222222222,91,1.18,47.7,50.6,49.15,1,"Yes",64"
"AE","United_Arab_Emirates",255,31969,26.4771140651725,3319.39944921373,1.43897111661939,0.0976893899532615,0.163864476791062,0.130776933372162,1.08500098484481,84.3114896450084,0.09630959,1.35609110109828,30.6366879500976,86.522,76.966,4,16.8,16.8,76.8,6.5,65.5180899446451,1,16.3,1.70489166666667,1.67777777777778,99,22.61,17.9,19.2,18.55,1,"Yes",27"
"UK","United_Kingdom",37460,267240,563.401541166417,4019.3120091114,2.75158819097734,4.13800198857692,5.9184161082093,5.02820904839311,18.3958656741466,63.926052256896,0.66488991,2.7482739222089,50.6352745607579,83.398,79.4,2.6,10.9,3.5,88.8,7.7,41.1611271323368,8,3.9,2.752875,3.21111111111111,92,4.66,31.7,29.9,30.8,1,"Yes",31"
"US","United_States_of_America",100442,1699933,307.00488362176,5195.9113999103,2.48855760258216,3.10021645542017,4.64999078966128,3.87510362254072,15.8076540556035,65.4833059619314,3.27167434,0.35766088580168,50.5200146539124,82.256,76.1,3.5,14.6,6.6,88.3,5.2,55.058165807693,3,10.8,2.527475,3.03333333333333,92,0.06,31.1,31.8,31.45,0,"No",21"
"UY","Uruguay",22,803,6.37810755170833,232.800925637354,0.867944981708486,2.71338358362398,6.07614463017916,4.39476410690157,14.8145195308593,64.5774993948021,0.03449299,0.197080276539824,51.7215426942936,95.334,73.805,4.5,16.7,7.5,84.9,7.6,20.4797527957644,33,7.3,4.16766,2.525,97,21.26,37.5,38.8,38.15,1,"Yes",75"
"UZ","Uzbekistan",14,3333,0.424816570273764,101.13668776589,0.153758957224848,0.628220928301695,1.04558665702455,0.836903792663122,4.4191378781364,66.8948047070961,0.329554,0.774692054536906,50.137358915283,50.478,69.25,11.6,24.5,6,83.7,10.3,6.83610609202367,70,6.5,2.5078125,4.58888888888889,96,5.38,27.1,27.7,27.4,1,"Yes",76"
"YE","Yemen",53,255,1.85973480111557,8.94778064687682,0.45632576048837,0.283627857187326,0.416135351920326,0.349881604553826,2.87626975604452,57.5088399699032,0.28498687,0.539778529083092,49.6116574930849,36.642,64.413,27,30.6,14.7,56.6,28.7,3.53142390180861,48,5.4,0.309866666666667,0.69,64,20.82,9.6,12.4,11,1,"Yes",101"
"ZM","Zambia",7,1057,0.403415848779454,60.9157931656975,0.147186376709397,0.154686513601366,0.351255165105907,0.252970839353637,2.09967802593266,52.9641808172429,0.17351822,0.233414789007116,50.49320776034,43.521,60.158,23.5,17.9,10.2,29.2,60.6,3.80250133426456,346,4.5,0.0879125,1.95,94,22.9,27.2,27.4,27.3,1,"Yes",79"
"ZW","Zimbabwe",4,132,0.277027149630259,9.14189593779854,0.106200130473492,0.244973229856905,0.59957461235529,0.422273921106098,2.93952365300113,54.659410108955,0.14439018,0.373245909267158,52.3567520651976,32.209,59.105,20.9,19.3,12.3,33,54.6,2.5606952699584,210,1.8,0.0656125,2.35,88,22.92,33.2,32,32.6,1,"Yes",81"
